-- phpMyAdmin SQL Dump
-- version 5.1.0
-- https://www.phpmyadmin.net/
--
-- Host: 127.0.0.1
-- Generation Time: Jan 08, 2022 at 06:57 AM
-- Server version: 10.4.18-MariaDB
-- PHP Version: 7.4.16

SET SQL_MODE = "NO_AUTO_VALUE_ON_ZERO";
START TRANSACTION;
SET time_zone = "+00:00";


/*!40101 SET @OLD_CHARACTER_SET_CLIENT=@@CHARACTER_SET_CLIENT */;
/*!40101 SET @OLD_CHARACTER_SET_RESULTS=@@CHARACTER_SET_RESULTS */;
/*!40101 SET @OLD_COLLATION_CONNECTION=@@COLLATION_CONNECTION */;
/*!40101 SET NAMES utf8mb4 */;

--
-- Database: `ecommerceapp`
--

-- --------------------------------------------------------

--
-- Table structure for table `admin`
--

CREATE TABLE `admin` (
  `id` int(11) NOT NULL,
  `name` varchar(50) NOT NULL,
  `email` varchar(100) NOT NULL,
  `password` varchar(255) NOT NULL,
  `is_active` enum('0','1') NOT NULL DEFAULT '0'
) ENGINE=InnoDB DEFAULT CHARSET=latin1;

--
-- Dumping data for table `admin`
--

INSERT INTO `admin` (`id`, `name`, `email`, `password`, `is_active`) VALUES
(9, 'admin', 'admin@gmail.com', '$2y$10$FNZSk6yGtCXL2EEPFatRseLdbd2.MLLwpXOJOvoV09pfCiHgbkuum', '0');

-- --------------------------------------------------------

--
-- Table structure for table `brands`
--

CREATE TABLE `brands` (
  `brand_id` int(100) NOT NULL,
  `brand_title` text NOT NULL
) ENGINE=InnoDB DEFAULT CHARSET=latin1;

--
-- Dumping data for table `brands`
--

INSERT INTO `brands` (`brand_id`, `brand_title`) VALUES
(2, 'Samsung'),
(3, 'Apple'),
(6, 'OnePlus+'),
(12, 'P16'),
(13, 'Kenstar'),
(14, 'Non-Brand');

-- --------------------------------------------------------

--
-- Table structure for table `cart`
--

CREATE TABLE `cart` (
  `id` int(10) NOT NULL,
  `p_id` int(10) NOT NULL,
  `ip_add` varchar(250) NOT NULL,
  `user_id` int(10) DEFAULT NULL,
  `qty` int(10) NOT NULL
) ENGINE=InnoDB DEFAULT CHARSET=latin1;

--
-- Dumping data for table `cart`
--

INSERT INTO `cart` (`id`, `p_id`, `ip_add`, `user_id`, `qty`) VALUES
(7, 1, '::1', 9, 1),
(8, 2, '::1', 9, 1),
(9, 25, '::1', 9, 1),
(10, 23, '::1', 9, 5);

-- --------------------------------------------------------

--
-- Table structure for table `categories`
--

CREATE TABLE `categories` (
  `cat_id` int(100) NOT NULL,
  `cat_title` text NOT NULL
) ENGINE=InnoDB DEFAULT CHARSET=latin1;

--
-- Dumping data for table `categories`
--

INSERT INTO `categories` (`cat_id`, `cat_title`) VALUES
(2, 'Electronics'),
(3, 'Home & Kitchen'),
(6, 'Clothings'),
(12, 'Mobiles'),
(14, 'Toys');

-- --------------------------------------------------------

--
-- Table structure for table `orders`
--

CREATE TABLE `orders` (
  `order_id` int(11) NOT NULL,
  `user_id` int(11) NOT NULL,
  `product_id` int(11) NOT NULL,
  `qty` int(11) NOT NULL,
  `trx_id` varchar(255) NOT NULL,
  `p_status` varchar(20) NOT NULL
) ENGINE=InnoDB DEFAULT CHARSET=latin1;

-- --------------------------------------------------------

--
-- Table structure for table `products`
--

CREATE TABLE `products` (
  `product_id` int(100) NOT NULL,
  `product_cat` int(11) NOT NULL,
  `product_brand` int(100) NOT NULL,
  `product_title` varchar(255) NOT NULL,
  `product_price` int(100) NOT NULL,
  `product_qty` int(11) NOT NULL,
  `product_desc` text NOT NULL,
  `product_image` text NOT NULL,
  `product_keywords` text NOT NULL
) ENGINE=InnoDB DEFAULT CHARSET=latin1;

--
-- Dumping data for table `products`
--

INSERT INTO `products` (`product_id`, `product_cat`, `product_brand`, `product_title`, `product_price`, `product_qty`, `product_desc`, `product_image`, `product_keywords`) VALUES
(1, 12, 2, 'Samsung Galaxy Z Fold 2', 249999, 5, 'Last year’s Galaxy Fold was a sort of experiment in the field of foldable phones. The idea was an innovative one but the phone faced a lot of durability issues. Its launch was postponed multiple times because of Samsung’s inability to solve all the problems. Samsung will likely avoid those situations with its successor.', '1616500092_sm-zfold.jpg', 'samsung, mobile, galaxy fold'),
(2, 12, 3, 'Iphone 12 Pro Max', 187000, 7, '5G goes Pro. A14 Bionic rockets past every other smartphone chip. The Pro camera system takes low-light photography to the next level — with an even bigger jump on iPhone 12 Pro Max. And Ceramic Shield delivers four times better drop performance.', '1616499931_iph12pm.jpg', 'apple, iphone'),
(4, 12, 2, 'Samsung Galaxy S21 Ultra', 155000, 10, 'This is a demo', '1616492395_Samsung-Galaxy-S21-Ultra-1608287647-0-0.jpg', 'samsung, s21, s21 ultra'),
(5, 12, 6, 'OnePlus 8T', 86000, 13, 'On spec-sheet, the OnePlus 8T boasts plenty of improvements from its predecessor i.e. the OnePlus 8. For instance, its 6.55-inch 1080p OLED display now comes with a faster 120Hz refresh rate. In comparison, the OnePlus 8 had a 90Hz refresh rate. This upgrade seems huge. However, users will agree that you can’t really find much of a difference between 90Hz to 120Hz on a smartphone screen.', '1616500410_OnePlus-8T-5G-Lunar-Silver-8GB-RAM-128GB-Storage-image-4.jpg', 'one plus, oneplus8'),
(23, 3, 13, 'Rice Cooker', 1800, 12, 'Rice cooker', '1641406555_ricecooker.png', 'rice, cooker, rice cooker'),
(24, 2, 12, 'Flashlight', 2200, 11, 'Torch', '1641408237_flashlight.png', 'torch, flashlight'),
(25, 6, 14, 'Jeans', 1250, 11, 'pant', '1641408269_pant.png', 'pant ,jeans'),
(26, 14, 14, 'RC Car', 4500, 3, 'remote control car', '1641408318_car.jpg', 'rc, car');

-- --------------------------------------------------------

--
-- Table structure for table `user_info`
--

CREATE TABLE `user_info` (
  `user_id` int(10) NOT NULL,
  `first_name` varchar(100) NOT NULL,
  `last_name` varchar(100) NOT NULL,
  `email` varchar(300) NOT NULL,
  `password` varchar(300) NOT NULL,
  `mobile` varchar(10) NOT NULL,
  `address1` varchar(300) NOT NULL,
  `address2` varchar(11) NOT NULL
) ENGINE=InnoDB DEFAULT CHARSET=latin1;

--
-- Dumping data for table `user_info`
--

INSERT INTO `user_info` (`user_id`, `first_name`, `last_name`, `email`, `password`, `mobile`, `address1`, `address2`) VALUES
(8, 'Donald', 'Duck', 'donald@gmail.com', '7c6a180b36896a0a8c02787eeafb0e4c', '1234567890', 'test', 'test'),
(9, 'Daffy', 'Duck', 'daffy@gmail.com', '5f4dcc3b5aa765d61d8327deb882cf99', '12312312', 'asdasd', 'sdasd');

--
-- Indexes for dumped tables
--

--
-- Indexes for table `admin`
--
ALTER TABLE `admin`
  ADD PRIMARY KEY (`id`),
  ADD UNIQUE KEY `email` (`email`);

--
-- Indexes for table `brands`
--
ALTER TABLE `brands`
  ADD PRIMARY KEY (`brand_id`);

--
-- Indexes for table `cart`
--
ALTER TABLE `cart`
  ADD PRIMARY KEY (`id`);

--
-- Indexes for table `categories`
--
ALTER TABLE `categories`
  ADD PRIMARY KEY (`cat_id`);

--
-- Indexes for table `orders`
--
ALTER TABLE `orders`
  ADD PRIMARY KEY (`order_id`);

--
-- Indexes for table `products`
--
ALTER TABLE `products`
  ADD PRIMARY KEY (`product_id`),
  ADD KEY `fk_product_cat` (`product_cat`),
  ADD KEY `fk_product_brand` (`product_brand`);

--
-- Indexes for table `user_info`
--
ALTER TABLE `user_info`
  ADD PRIMARY KEY (`user_id`);

--
-- AUTO_INCREMENT for dumped tables
--

--
-- AUTO_INCREMENT for table `admin`
--
ALTER TABLE `admin`
  MODIFY `id` int(11) NOT NULL AUTO_INCREMENT, AUTO_INCREMENT=10;

--
-- AUTO_INCREMENT for table `brands`
--
ALTER TABLE `brands`
  MODIFY `brand_id` int(100) NOT NULL AUTO_INCREMENT, AUTO_INCREMENT=15;

--
-- AUTO_INCREMENT for table `cart`
--
ALTER TABLE `cart`
  MODIFY `id` int(10) NOT NULL AUTO_INCREMENT, AUTO_INCREMENT=11;

--
-- AUTO_INCREMENT for table `categories`
--
ALTER TABLE `categories`
  MODIFY `cat_id` int(100) NOT NULL AUTO_INCREMENT, AUTO_INCREMENT=15;

--
-- AUTO_INCREMENT for table `orders`
--
ALTER TABLE `orders`
  MODIFY `order_id` int(11) NOT NULL AUTO_INCREMENT, AUTO_INCREMENT=5;

--
-- AUTO_INCREMENT for table `products`
--
ALTER TABLE `products`
  MODIFY `product_id` int(100) NOT NULL AUTO_INCREMENT, AUTO_INCREMENT=27;

--
-- AUTO_INCREMENT for table `user_info`
--
ALTER TABLE `user_info`
  MODIFY `user_id` int(10) NOT NULL AUTO_INCREMENT, AUTO_INCREMENT=10;

--
-- Constraints for dumped tables
--

--
-- Constraints for table `products`
--
ALTER TABLE `products`
  ADD CONSTRAINT `fk_product_brand` FOREIGN KEY (`product_brand`) REFERENCES `brands` (`brand_id`),
  ADD CONSTRAINT `fk_product_cat` FOREIGN KEY (`product_cat`) REFERENCES `categories` (`cat_id`);
COMMIT;

/*!40101 SET CHARACTER_SET_CLIENT=@OLD_CHARACTER_SET_CLIENT */;
/*!40101 SET CHARACTER_SET_RESULTS=@OLD_CHARACTER_SET_RESULTS */;
/*!40101 SET COLLATION_CONNECTION=@OLD_COLLATION_CONNECTION */;
